Country,Source,earliest_date,latest_date,periods_total,periods_present,periods_missing,earliest_date_country,latest_date_country,periods_present_country,periods_total_country,periods_missing_country,earliest_date_population,latest_date_population,earliest_date_country_population,latest_date_country_population
Albania,UN,1981-01-01,2023-12-01,516,432,84,1981-01-01,2023-12-01,432,516,84,1950-01-01,2023-12-01,1950-01-01,2023-12-01
Algeria,UN,1978-01-01,2016-12-01,468,204,264,1978-01-01,2016-12-01,204,468,264,1950-01-01,2023-12-01,1950-01-01,2023-12-01
American Samoa,UN,1971-01-01,2023-12-01,636,492,144,1971-01-01,2023-12-01,492,636,144,1950-01-01,2023-12-01,1950-01-01,2023-12-01
Andorra,UN,1992-01-01,2018-12-01,324,204,120,1992-01-01,2018-12-01,204,324,120,1950-01-01,2023-12-01,1950-01-01,2023-12-01
Anguilla,UN,2008-01-01,2024-12-01,204,204,0,2008-01-01,2024-12-01,204,204,0,1950-01-01,2023-12-01,1950-01-01,2023-12-01
Antigua and Barbuda,UN,1972-01-01,2019-12-01,576,204,372,1972-01-01,2019-12-01,204,576,372,1950-01-01,2023-12-01,1950-01-01,2023-12-01
Argentina,UN,1980-01-01,2022-12-01,516,84,432,1980-01-01,2022-12-01,84,516,432,1950-01-01,2023-12-01,1950-01-01,2023-12-01
Armenia,UN,1987-01-01,2023-12-01,444,300,144,1987-01-01,2023-12-01,300,444,144,1950-01-01,2023-12-01,1950-01-01,2023-12-01
Aruba,UN,2002-01-01,2024-09-01,273,237,36,2002-01-01,2024-09-01,237,273,36,1950-01-01,2023-12-01,1950-01-01,2023-12-01
Australia,HMD,1962-01-01,2021-12-01,720,720,0,1962-01-01,2023-12-01,744,744,0,1921-01-01,2022-12-01,1921-01-01,2023-12-01
Australia,UN,2022-01-01,2023-12-01,24,24,0,1962-01-01,2023-12-01,744,744,0,2023-01-01,2023-12-01,1921-01-01,2023-12-01
Austria,HMD,1914-01-01,2024-12-01,1332,1320,12,1914-01-01,2025-06-01,1326,1338,12,1947-01-01,2024-12-01,1947-01-01,2024-12-01
Austria,UN,2025-01-01,2025-06-01,6,6,0,1914-01-01,2025-06-01,1326,1338,12,1999-01-01,1999-12-01,1947-01-01,2024-12-01
Azerbaijan,UN,1992-01-01,2021-12-01,360,312,48,1992-01-01,2021-12-01,312,360,48,1950-01-01,2023-12-01,1950-01-01,2023-12-01
Bahamas,UN,1972-01-01,2009-12-01,456,108,348,1972-01-01,2009-12-01,108,456,348,1950-01-01,2023-12-01,1950-01-01,2023-12-01
Bahrain,UN,1975-01-01,2022-12-01,576,528,48,1975-01-01,2022-12-01,528,576,48,1950-01-01,2023-12-01,1950-01-01,2023-12-01
Barbados,UN,1969-01-01,2022-12-01,648,312,336,1969-01-01,2022-12-01,312,648,336,1950-01-01,2023-12-01,1950-01-01,2023-12-01
Belarus,UN,1980-01-01,2020-06-01,486,378,108,1980-01-01,2020-06-01,378,486,108,1950-01-01,2023-12-01,1950-01-01,2023-12-01
Belgium,HMD,1900-01-01,2023-12-01,1488,1488,0,1900-01-01,2023-12-01,1488,1488,0,1846-01-01,2024-12-01,1846-01-01,2024-12-01
Bermuda,UN,1984-01-01,2023-12-01,480,396,84,1984-01-01,2023-12-01,396,480,84,1950-01-01,2023-12-01,1950-01-01,2023-12-01
Bosnia and Herzegovina,UN,1990-01-01,2010-12-01,252,132,120,1990-01-01,2010-12-01,132,252,120,1950-01-01,2023-12-01,1950-01-01,2023-12-01
Botswana,UN,2017-01-01,2019-12-01,36,36,0,2017-01-01,2019-12-01,36,36,0,1950-01-01,2023-12-01,1950-01-01,2023-12-01
Brazil,UN,2015-01-01,2022-12-01,96,84,12,2015-01-01,2022-12-01,84,96,12,1950-01-01,2023-12-01,1950-01-01,2023-12-01
British Virgin Islands,UN,1971-01-01,2017-12-01,564,204,360,1971-01-01,2017-12-01,204,564,360,1950-01-01,2023-12-01,1950-01-01,2023-12-01
Brunei Darussalam,UN,2013-01-01,2023-12-01,132,132,0,2013-01-01,2023-12-01,132,132,0,1950-01-01,2023-12-01,1950-01-01,2023-12-01
Bulgaria,HMD,1900-01-01,2021-12-01,1464,1080,384,1900-01-01,2025-07-01,1123,1507,384,1946-01-01,2021-12-01,1946-01-01,2023-12-01
Bulgaria,UN,2022-01-01,2025-07-01,43,43,0,1900-01-01,2025-07-01,1123,1507,384,1950-01-01,2023-12-01,1946-01-01,2023-12-01
Cabo Verde,UN,1968-01-01,2023-12-01,672,231,441,1968-01-01,2023-12-01,231,672,441,1950-01-01,2023-12-01,1950-01-01,2023-12-01
Canada,HMD,1921-01-01,2023-12-01,1236,1236,0,1921-01-01,2023-12-01,1236,1236,0,1921-01-01,2024-12-01,1921-01-01,2024-12-01
Cayman Islands,UN,1981-01-01,2023-12-01,516,360,156,1981-01-01,2023-12-01,360,516,156,1950-01-01,2023-12-01,1950-01-01,2023-12-01
Chile,HMD,1947-01-01,2019-12-01,864,864,0,1947-01-01,2021-12-01,900,900,0,1992-04-01,2017-12-01,1950-01-01,2023-12-01
Chile,UN,1967-01-01,2021-12-01,36,36,0,1947-01-01,2021-12-01,900,900,0,1950-01-01,2023-12-01,1950-01-01,2023-12-01
"China, Hong Kong SAR",UN,1973-01-01,2023-12-01,612,600,12,1973-01-01,2023-12-01,600,612,12,1950-01-01,2023-12-01,1950-01-01,2023-12-01
"China, Macao SAR",UN,1971-01-01,2025-04-01,652,566,86,1971-01-01,2025-04-01,566,652,86,1950-01-01,2023-12-01,1950-01-01,2023-12-01
Colombia,UN,2020-01-01,2024-12-01,60,60,0,2020-01-01,2024-12-01,60,60,0,1950-01-01,2023-12-01,1950-01-01,2023-12-01
Cook Islands,UN,1983-01-01,1988-12-01,72,72,0,1983-01-01,1988-12-01,72,72,0,1950-01-01,2023-12-01,1950-01-01,2023-12-01
Costa Rica,UN,1973-01-01,2024-12-01,624,468,156,1973-01-01,2024-12-01,468,624,156,1950-01-01,2023-12-01,1950-01-01,2023-12-01
Croatia,HMD,1950-01-01,2020-12-01,852,852,0,1950-01-01,2023-12-01,888,888,0,2000-12-01,2020-12-01,1950-01-01,2023-12-01
Croatia,UN,2021-01-01,2023-12-01,36,36,0,1950-01-01,2023-12-01,888,888,0,1950-01-01,2023-12-01,1950-01-01,2023-12-01
Cuba,UN,1969-01-01,2023-12-01,660,600,60,1969-01-01,2023-12-01,600,660,60,1950-01-01,2023-12-01,1950-01-01,2023-12-01
Curaçao,UN,2009-01-01,2019-12-01,132,132,0,2009-01-01,2019-12-01,132,132,0,1950-01-01,2023-12-01,1950-01-01,2023-12-01
Cyprus,UN,1973-01-01,2023-12-01,612,600,12,1973-01-01,2023-12-01,600,612,12,1950-01-01,2023-12-01,1950-01-01,2023-12-01
Czechia,HMD,1919-01-01,2021-12-01,1236,1152,84,1919-01-01,2025-06-01,1191,1278,87,1950-01-01,2021-12-01,1950-01-01,2023-12-01
Czechia,UN,2022-01-01,2025-06-01,42,39,3,1919-01-01,2025-06-01,1191,1278,87,1951-01-01,2023-12-01,1950-01-01,2023-12-01
Denmark,HMD,1901-01-01,2024-12-01,1488,1488,0,1901-01-01,2024-12-01,1488,1488,0,1840-01-01,2025-12-01,1840-01-01,2025-12-01
East Germany,HMD,1946-01-01,2020-12-01,900,900,0,1946-01-01,2020-12-01,900,900,0,1955-01-01,2020-12-01,1955-01-01,2020-12-01
Egypt,UN,1972-01-01,2025-05-01,641,589,52,1972-01-01,2025-05-01,589,641,52,1950-01-01,2023-12-01,1950-01-01,2023-12-01
El Salvador,UN,1973-01-01,2018-12-01,552,480,72,1973-01-01,2018-12-01,480,552,72,1950-01-01,2023-12-01,1950-01-01,2023-12-01
England and Wales,HMD,1938-01-01,2022-12-01,1020,1020,0,1938-01-01,2022-12-01,1020,1020,0,1841-01-01,2023-12-01,1841-01-01,2023-12-01
Estonia,HMD,1959-01-01,2019-12-01,732,732,0,1959-01-01,2025-08-01,800,800,0,1959-01-01,2020-12-01,1950-01-01,2023-12-01
Estonia,UN,2020-01-01,2025-08-01,68,68,0,1959-01-01,2025-08-01,800,800,0,1950-01-01,2023-12-01,1950-01-01,2023-12-01
Falkland Islands (Malvinas),UN,1973-01-01,1992-12-01,240,77,163,1973-01-01,1992-12-01,77,240,163,1950-01-01,2023-12-01,1950-01-01,2023-12-01
Faroe Islands,UN,1972-01-01,2024-12-01,636,384,252,1972-01-01,2024-12-01,384,636,252,1950-01-01,2023-12-01,1950-01-01,2023-12-01
Fiji,UN,1972-01-01,2004-12-01,396,132,264,1972-01-01,2004-12-01,132,396,264,1950-01-01,2023-12-01,1950-01-01,2023-12-01
Finland,HMD,1859-01-01,2024-12-01,1992,1992,0,1859-01-01,2025-07-01,1998,1999,1,1878-01-01,2024-12-01,1878-01-01,2024-12-01
Finland,UN,2025-01-01,2025-07-01,7,6,1,1859-01-01,2025-07-01,1998,1999,1,,,,
France,HMD,1861-01-01,2023-12-01,1956,1956,0,1861-01-01,2023-12-01,1956,1956,0,1816-01-01,2024-12-01,1816-01-01,2024-12-01
French Guiana,UN,1970-01-01,2023-12-01,648,300,348,1970-01-01,2023-12-01,300,648,348,1950-01-01,2023-12-01,1950-01-01,2023-12-01
French Polynesia,UN,1985-01-01,2024-12-01,480,192,288,1985-01-01,2024-12-01,192,480,288,1950-01-01,2023-12-01,1950-01-01,2023-12-01
Georgia,UN,1992-01-01,2023-12-01,384,264,120,1992-01-01,2023-12-01,264,384,120,1950-01-01,2023-12-01,1950-01-01,2023-12-01
Germany,HMD,1946-01-01,2020-12-01,900,900,0,1946-01-01,2025-06-01,954,954,0,1990-12-01,2020-12-01,1950-01-01,2023-12-01
Germany,UN,2021-01-01,2025-06-01,54,54,0,1946-01-01,2025-06-01,954,954,0,1950-01-01,2023-12-01,1950-01-01,2023-12-01
Ghana,UN,2001-01-01,2001-12-01,12,12,0,2001-01-01,2001-12-01,12,12,0,1950-01-01,2023-12-01,1950-01-01,2023-12-01
Gibraltar,UN,1971-01-01,2008-12-01,456,336,120,1971-01-01,2008-12-01,336,456,120,1950-01-01,2023-12-01,1950-01-01,2023-12-01
Greece,HMD,1956-01-01,2019-12-01,768,768,0,1956-01-01,2023-12-01,816,816,0,1981-04-01,2020-12-01,1950-01-01,2023-12-01
Greece,UN,2020-01-01,2023-12-01,48,48,0,1956-01-01,2023-12-01,816,816,0,1950-01-01,2023-12-01,1950-01-01,2023-12-01
Greenland,UN,1972-01-01,2019-12-01,576,552,24,1972-01-01,2019-12-01,552,576,24,1950-01-01,2023-12-01,1950-01-01,2023-12-01
Guadeloupe,UN,1970-01-01,2023-12-01,648,300,348,1970-01-01,2023-12-01,300,648,348,1950-01-01,2023-12-01,1950-01-01,2023-12-01
Guam,UN,1971-01-01,2024-12-01,648,336,312,1971-01-01,2024-12-01,336,648,312,1950-01-01,2023-12-01,1950-01-01,2023-12-01
Guatemala,UN,1970-01-01,2024-12-01,660,540,120,1970-01-01,2024-12-01,540,660,120,1950-01-01,2023-12-01,1950-01-01,2023-12-01
Guernsey,UN,1973-01-01,2023-12-01,612,344,268,1973-01-01,2023-12-01,344,612,268,1950-01-01,2023-12-01,1950-01-01,2023-12-01
Guyana,UN,1967-01-01,1971-12-01,60,60,0,1967-01-01,1971-12-01,60,60,0,1950-01-01,2023-12-01,1950-01-01,2023-12-01
Hong Kong,HMD,1971-01-01,2023-12-01,636,636,0,1971-01-01,2023-12-01,636,636,0,1986-01-01,2023-12-01,1986-01-01,2023-12-01
Hungary,HMD,1950-01-01,2020-12-01,852,852,0,1950-01-01,2025-06-01,906,906,0,1950-01-01,2021-12-01,1950-01-01,2023-12-01
Hungary,UN,2021-01-01,2025-06-01,54,54,0,1950-01-01,2025-06-01,906,906,0,1961-01-01,2023-12-01,1950-01-01,2023-12-01
Iceland,HMD,1878-01-01,2023-12-01,1752,1752,0,1878-01-01,2024-12-01,1764,1764,0,1841-01-01,2024-12-01,1841-01-01,2024-12-01
Iceland,UN,2024-01-01,2024-12-01,12,12,0,1878-01-01,2024-12-01,1764,1764,0,,,,
Iran (Islamic Republic of),UN,1973-01-01,2025-07-01,631,167,464,1973-01-01,2025-07-01,167,631,464,1950-01-01,2023-12-01,1950-01-01,2023-12-01
Ireland,HMD,1978-01-01,2022-12-01,540,540,0,1972-01-01,2023-12-01,624,624,0,1951-04-01,2023-12-01,1950-01-01,2023-12-01
Ireland,UN,1972-01-01,2023-12-01,84,84,0,1972-01-01,2023-12-01,624,624,0,1950-01-01,1986-03-01,1950-01-01,2023-12-01
Isle of Man,UN,1971-01-01,2024-12-01,648,312,336,1971-01-01,2024-12-01,312,648,336,1950-01-01,2023-12-01,1950-01-01,2023-12-01
Israel,HMD,1980-01-01,2009-12-01,360,360,0,1971-01-01,2025-06-01,642,654,12,1983-12-01,2016-12-01,1950-01-01,2023-12-01
Israel,UN,1971-01-01,2025-06-01,294,282,12,1971-01-01,2025-06-01,642,654,12,1950-01-01,2023-12-01,1950-01-01,2023-12-01
Italy,HMD,1900-01-01,2022-12-01,1476,1476,0,1900-01-01,2023-12-01,1488,1488,0,1871-01-01,2023-12-01,1871-01-01,2023-12-01
Italy,UN,2023-01-01,2023-12-01,12,12,0,1900-01-01,2023-12-01,1488,1488,0,1952-01-01,1981-09-01,1871-01-01,2023-12-01
Jamaica,UN,1977-01-01,2007-12-01,372,204,168,1977-01-01,2007-12-01,204,372,168,1950-01-01,2023-12-01,1950-01-01,2023-12-01
Japan,HMD,1899-01-01,2023-12-01,1500,1500,0,1899-01-01,2025-04-01,1516,1516,0,1947-10-01,2023-12-01,1888-01-01,2023-12-01
Japan,UN,2024-01-01,2025-04-01,16,16,0,1899-01-01,2025-04-01,1516,1516,0,1951-01-01,2020-09-01,1888-01-01,2023-12-01
Jersey,UN,1973-01-01,2024-12-01,624,264,360,1973-01-01,2024-12-01,264,624,360,1950-01-01,2023-12-01,1950-01-01,2023-12-01
Jordan,UN,1973-01-01,1979-12-01,84,72,12,1973-01-01,1979-12-01,72,84,12,1950-01-01,2023-12-01,1950-01-01,2023-12-01
Kazakhstan,UN,1987-01-01,2023-12-01,444,444,0,1987-01-01,2023-12-01,444,444,0,1950-01-01,2023-12-01,1950-01-01,2023-12-01
Kuwait,UN,1970-01-01,2023-12-01,648,564,84,1970-01-01,2023-12-01,564,648,84,1950-01-01,2023-12-01,1950-01-01,2023-12-01
Kyrgyzstan,UN,1980-01-01,2025-03-01,543,495,48,1980-01-01,2025-03-01,495,543,48,1950-01-01,2023-12-01,1950-01-01,2023-12-01
Latvia,HMD,1948-01-01,2024-12-01,924,924,0,1948-01-01,2025-05-01,929,929,0,1959-01-01,2025-12-01,1950-01-01,2025-12-01
Latvia,UN,2025-01-01,2025-05-01,5,5,0,1948-01-01,2025-05-01,929,929,0,1950-01-01,1969-12-01,1950-01-01,2025-12-01
Lebanon,UN,1972-01-01,2011-12-01,480,144,336,1972-01-01,2011-12-01,144,480,336,1950-01-01,2023-12-01,1950-01-01,2023-12-01
Libya,UN,1972-01-01,2002-12-01,372,240,132,1972-01-01,2002-12-01,240,372,132,1950-01-01,2023-12-01,1950-01-01,2023-12-01
Liechtenstein,UN,1978-01-01,2023-12-01,552,456,96,1978-01-01,2023-12-01,456,552,96,1950-01-01,2023-12-01,1950-01-01,2023-12-01
Lithuania,HMD,1958-01-01,2024-12-01,804,804,0,1958-01-01,2025-08-01,812,812,0,1959-01-01,2025-12-01,1950-01-01,2025-12-01
Lithuania,UN,2025-01-01,2025-08-01,8,8,0,1958-01-01,2025-08-01,812,812,0,1950-01-01,1988-12-01,1950-01-01,2025-12-01
Luxembourg,HMD,1901-01-01,2023-12-01,1476,1476,0,1901-01-01,2023-12-01,1476,1476,0,1960-12-01,2024-12-01,1950-01-01,2024-12-01
Malawi,UN,1982-01-01,1982-12-01,12,12,0,1982-01-01,1982-12-01,12,12,0,1950-01-01,2023-12-01,1950-01-01,2023-12-01
Malaysia,UN,1990-01-01,2023-12-01,408,396,12,1990-01-01,2023-12-01,396,408,12,1950-01-01,2023-12-01,1950-01-01,2023-12-01
Maldives,UN,1978-01-01,2021-12-01,528,516,12,1978-01-01,2021-12-01,516,528,12,1950-01-01,2023-12-01,1950-01-01,2023-12-01
Mali,UN,1987-01-01,1987-12-01,12,12,0,1987-01-01,1987-12-01,12,12,0,1950-01-01,2023-12-01,1950-01-01,2023-12-01
Malta,UN,1973-01-01,2023-12-01,612,576,36,1973-01-01,2023-12-01,576,612,36,1950-01-01,2023-12-01,1950-01-01,2023-12-01
Martinique,UN,1975-01-01,2023-12-01,588,372,216,1975-01-01,2023-12-01,372,588,216,1950-01-01,2023-12-01,1950-01-01,2023-12-01
Mauritius,UN,1990-01-01,2024-12-01,420,396,24,1990-01-01,2024-12-01,396,420,24,1950-01-01,2023-12-01,1950-01-01,2023-12-01
Mayotte,UN,2018-01-01,2023-12-01,72,60,12,2018-01-01,2023-12-01,60,72,12,1950-01-01,2023-12-01,1950-01-01,2023-12-01
Mexico,UN,2011-01-01,2022-12-01,144,129,15,2011-01-01,2022-12-01,129,144,15,1950-01-01,2023-12-01,1950-01-01,2023-12-01
Mongolia,UN,1994-01-01,2024-12-01,372,288,84,1994-01-01,2024-12-01,288,372,84,1950-01-01,2023-12-01,1950-01-01,2023-12-01
Montenegro,UN,2007-01-01,2023-12-01,204,204,0,2007-01-01,2023-12-01,204,204,0,1950-01-01,2023-12-01,1950-01-01,2023-12-01
Montserrat,UN,1970-01-01,2022-12-01,636,396,240,1970-01-01,2022-12-01,396,636,240,1950-01-01,2023-12-01,1950-01-01,2023-12-01
Morocco,UN,2018-01-01,2018-12-01,12,12,0,2018-01-01,2018-12-01,12,12,0,1950-01-01,2023-12-01,1950-01-01,2023-12-01
Netherlands,HMD,1840-01-01,2023-12-01,2208,2028,180,1840-01-01,2023-12-01,2028,2208,180,1850-01-01,2024-12-01,1850-01-01,2024-12-01
Netherlands (Kingdom of the),UN,1971-01-01,2024-04-01,640,604,36,1971-01-01,2024-04-01,604,640,36,,,,
New Caledonia,UN,1970-01-01,2023-09-01,645,609,36,1970-01-01,2023-09-01,609,645,36,1950-01-01,2023-12-01,1950-01-01,2023-12-01
New Zealand,HMD,1980-01-01,2020-12-01,492,492,0,1972-01-01,2020-12-01,588,588,0,1947-01-01,2021-12-01,1947-01-01,2023-12-01
New Zealand,UN,1972-01-01,1979-12-01,96,96,0,1972-01-01,2020-12-01,588,588,0,2022-01-01,2023-12-01,1947-01-01,2023-12-01
Nicaragua,UN,2020-01-01,2023-12-01,48,48,0,2020-01-01,2023-12-01,48,48,0,1950-01-01,2023-12-01,1950-01-01,2023-12-01
Niue,UN,1975-01-01,2024-12-01,600,204,396,1975-01-01,2024-12-01,204,600,396,1950-01-01,2023-12-01,1950-01-01,2023-12-01
Norfolk Island,UN,1974-01-01,1988-12-01,180,113,67,1974-01-01,1988-12-01,113,180,67,,,,
North Macedonia,UN,1989-01-01,2025-06-01,438,401,37,1989-01-01,2025-06-01,401,438,37,1950-01-01,2023-12-01,1950-01-01,2023-12-01
Northern Ireland,HMD,1955-01-01,2022-12-01,816,816,0,1955-01-01,2022-12-01,816,816,0,1926-01-01,2023-12-01,1926-01-01,2023-12-01
Norway,HMD,1931-01-01,2024-12-01,1128,1128,0,1931-01-01,2024-12-01,1128,1128,0,1846-01-01,2025-12-01,1846-01-01,2025-12-01
Oman,UN,2017-01-01,2024-12-01,96,96,0,2017-01-01,2024-12-01,96,96,0,1950-01-01,2023-12-01,1950-01-01,2023-12-01
Pakistan,UN,1976-01-01,2007-12-01,384,228,156,1976-01-01,2007-12-01,228,384,156,1950-01-01,2023-12-01,1950-01-01,2023-12-01
Palau,UN,1997-01-01,2023-12-01,324,204,120,1997-01-01,2023-12-01,204,324,120,1950-01-01,2023-12-01,1950-01-01,2023-12-01
Panama,UN,1971-01-01,2023-12-01,636,588,48,1971-01-01,2023-12-01,588,636,48,1950-01-01,2023-12-01,1950-01-01,2023-12-01
Peru,UN,1980-01-01,1985-12-01,72,72,0,1980-01-01,1985-12-01,72,72,0,1950-01-01,2023-12-01,1950-01-01,2023-12-01
Philippines,UN,1974-01-01,2021-12-01,576,348,228,1974-01-01,2021-12-01,348,576,228,1950-01-01,2023-12-01,1950-01-01,2023-12-01
Poland,HMD,1985-01-01,2023-12-01,468,468,0,1973-01-01,2023-12-01,600,612,12,1960-12-01,2023-12-01,1950-01-01,2023-12-01
Poland,UN,1973-01-01,1984-12-01,144,132,12,1973-01-01,2023-12-01,600,612,12,1950-01-01,2020-11-01,1950-01-01,2023-12-01
Portugal,HMD,1901-01-01,2023-12-01,1476,1356,120,1901-01-01,2025-07-01,1375,1495,120,1940-01-01,2023-12-01,1940-01-01,2023-12-01
Portugal,UN,2024-01-01,2025-07-01,19,19,0,1901-01-01,2025-07-01,1375,1495,120,1951-01-01,1991-11-01,1940-01-01,2023-12-01
Puerto Rico,UN,1967-01-01,2024-12-01,696,612,84,1967-01-01,2024-12-01,612,696,84,1950-01-01,2023-12-01,1950-01-01,2023-12-01
Qatar,UN,1980-01-01,2024-06-01,534,454,80,1980-01-01,2024-06-01,454,534,80,1950-01-01,2023-12-01,1950-01-01,2023-12-01
Republic of Korea,UN,1975-01-01,2023-12-01,588,588,0,1975-01-01,2023-12-01,588,588,0,1950-01-01,2023-12-01,1950-01-01,2023-12-01
Republic of Moldova,UN,1987-01-01,2025-08-01,464,416,48,1987-01-01,2025-08-01,416,464,48,1950-01-01,2023-12-01,1950-01-01,2023-12-01
Reunion,UN,1977-01-01,2023-12-01,564,324,240,1977-01-01,2023-12-01,324,564,240,,,,
Romania,UN,1971-01-01,2025-07-01,655,497,158,1971-01-01,2025-07-01,497,655,158,1950-01-01,2023-12-01,1950-01-01,2023-12-01
Russia,HMD,1956-01-01,2014-12-01,708,708,0,1956-01-01,2014-12-01,708,708,0,1959-01-01,2015-12-01,1959-01-01,2015-12-01
Russian Federation,UN,1992-01-01,2025-03-01,399,315,84,1992-01-01,2025-03-01,315,399,84,1950-01-01,2023-12-01,1950-01-01,2023-12-01
Saint Barthélemy,UN,2018-01-01,2023-12-01,72,72,0,2018-01-01,2023-12-01,72,72,0,1950-01-01,2023-12-01,1950-01-01,2023-12-01
Saint Helena ex. dep.,UN,1967-01-01,2023-12-01,684,594,90,1967-01-01,2023-12-01,594,684,90,,,,
Saint Helena: Ascension,UN,1971-01-01,2018-12-01,576,111,465,1971-01-01,2018-12-01,111,576,465,,,,
Saint Kitts and Nevis,UN,1983-01-01,1989-10-01,82,24,58,1983-01-01,1989-10-01,24,82,58,1950-01-01,2023-12-01,1950-01-01,2023-12-01
Saint Lucia,UN,1976-01-01,2002-12-01,324,240,84,1976-01-01,2002-12-01,240,324,84,1950-01-01,2023-12-01,1950-01-01,2023-12-01
Saint Pierre and Miquelon,UN,1974-01-01,2023-12-01,600,120,480,1974-01-01,2023-12-01,120,600,480,1950-01-01,2023-12-01,1950-01-01,2023-12-01
Saint Vincent and the Grenadines,UN,1980-01-01,2021-12-01,504,396,108,1980-01-01,2021-12-01,396,504,108,1950-01-01,2023-12-01,1950-01-01,2023-12-01
Saint-Martin (French part),UN,2018-01-01,2023-12-01,72,72,0,2018-01-01,2023-12-01,72,72,0,,,,
Samoa,UN,1975-01-01,1978-12-01,48,24,24,1975-01-01,1978-12-01,24,48,24,1950-01-01,2023-12-01,1950-01-01,2023-12-01
San Marino,UN,1971-01-01,2020-12-01,600,423,177,1971-01-01,2020-12-01,423,600,177,1950-01-01,2023-12-01,1950-01-01,2023-12-01
Sao Tome and Principe,UN,1967-01-01,2021-11-01,659,107,552,1967-01-01,2021-11-01,107,659,552,1950-01-01,2023-12-01,1950-01-01,2023-12-01
Scotland,HMD,1954-01-01,2022-12-01,828,828,0,1954-01-01,2022-12-01,828,828,0,1861-01-01,2023-12-01,1861-01-01,2023-12-01
Serbia,UN,2005-01-01,2025-06-01,246,233,13,2005-01-01,2025-06-01,233,246,13,1950-01-01,2023-12-01,1950-01-01,2023-12-01
Seychelles,UN,1970-01-01,2024-12-01,660,612,48,1970-01-01,2024-12-01,612,660,48,1950-01-01,2023-12-01,1950-01-01,2023-12-01
Singapore,UN,1973-01-01,2024-12-01,624,624,0,1973-01-01,2024-12-01,624,624,0,1950-01-01,2023-12-01,1950-01-01,2023-12-01
Slovakia,HMD,1925-01-01,2019-12-01,1140,1056,84,1925-01-01,2025-06-01,1122,1206,84,1950-01-01,2020-12-01,1950-01-01,2023-12-01
Slovakia,UN,2020-01-01,2025-06-01,66,66,0,1925-01-01,2025-06-01,1122,1206,84,1951-01-01,2023-12-01,1950-01-01,2023-12-01
Slovenia,HMD,1970-01-01,2019-12-01,600,600,0,1970-01-01,2023-12-01,648,648,0,1983-01-01,2020-12-01,1950-01-01,2023-12-01
Slovenia,UN,2020-01-01,2023-12-01,48,48,0,1970-01-01,2023-12-01,648,648,0,1950-01-01,2023-12-01,1950-01-01,2023-12-01
South Africa,UN,1970-01-01,2023-12-01,648,144,504,1970-01-01,2023-12-01,144,648,504,1950-01-01,2023-12-01,1950-01-01,2023-12-01
South Korea,HMD,1981-01-01,2023-12-01,516,516,0,1981-01-01,2023-12-01,516,516,0,2002-01-01,2023-12-01,2002-01-01,2023-12-01
Spain,HMD,1900-01-01,2023-12-01,1488,1488,0,1900-01-01,2024-12-01,1500,1500,0,1900-01-01,2024-12-01,1900-01-01,2024-12-01
Spain,UN,2024-01-01,2024-12-01,12,12,0,1900-01-01,2024-12-01,1500,1500,0,1951-01-01,2001-12-01,1900-01-01,2024-12-01
Sri Lanka,UN,1973-01-01,2023-12-01,612,420,192,1973-01-01,2023-12-01,420,612,192,1950-01-01,2023-12-01,1950-01-01,2023-12-01
State of Palestine,UN,2018-01-01,2021-12-01,48,48,0,2018-01-01,2021-12-01,48,48,0,1950-01-01,2023-12-01,1950-01-01,2023-12-01
Suriname,UN,1989-01-01,2022-12-01,408,408,0,1989-01-01,2022-12-01,408,408,0,1950-01-01,2023-12-01,1950-01-01,2023-12-01
Sweden,HMD,1911-01-01,2024-12-01,1368,1368,0,1911-01-01,2025-07-01,1374,1375,1,1751-01-01,2024-12-01,1751-01-01,2024-12-01
Sweden,UN,2025-01-01,2025-07-01,7,6,1,1911-01-01,2025-07-01,1374,1375,1,,,,
Switzerland,HMD,1871-01-01,2023-12-01,1836,1836,0,1871-01-01,2023-12-01,1836,1836,0,1876-01-01,2023-12-01,1876-01-01,2023-12-01
Tajikistan,UN,1989-01-01,1999-12-01,132,84,48,1989-01-01,1999-12-01,84,132,48,1950-01-01,2023-12-01,1950-01-01,2023-12-01
Thailand,UN,1978-01-01,1979-12-01,24,24,0,1978-01-01,1979-12-01,24,24,0,1950-01-01,2023-12-01,1950-01-01,2023-12-01
Tonga,UN,1993-01-01,2003-12-01,132,120,12,1993-01-01,2003-12-01,120,132,12,1950-01-01,2023-12-01,1950-01-01,2023-12-01
Trinidad and Tobago,UN,1972-01-01,2018-12-01,564,444,120,1972-01-01,2018-12-01,444,564,120,1950-01-01,2023-12-01,1950-01-01,2023-12-01
Tunisia,UN,1969-01-01,2018-10-01,598,442,156,1969-01-01,2018-10-01,442,598,156,1950-01-01,2023-12-01,1950-01-01,2023-12-01
Turks and Caicos Islands,UN,1972-01-01,2024-12-01,636,300,336,1972-01-01,2024-12-01,300,636,336,1950-01-01,2023-12-01,1950-01-01,2023-12-01
Türkiye,UN,2001-01-01,2023-12-01,276,264,12,2001-01-01,2023-12-01,264,276,12,1950-01-01,2023-12-01,1950-01-01,2023-12-01
Ukraine,HMD,1968-01-01,2013-12-01,552,552,0,1968-01-01,2021-12-01,648,648,0,1959-01-01,2014-12-01,1950-01-01,2023-12-01
Ukraine,UN,2014-01-01,2021-12-01,96,96,0,1968-01-01,2021-12-01,648,648,0,1950-01-01,2023-12-01,1950-01-01,2023-12-01
United Arab Emirates,UN,2018-01-01,2023-12-01,72,72,0,2018-01-01,2023-12-01,72,72,0,1950-01-01,2023-12-01,1950-01-01,2023-12-01
United Kingdom,HMD,1938-01-01,2022-12-01,1020,1020,0,1938-01-01,2022-12-01,1020,1020,0,1841-01-01,2023-12-01,1841-01-01,2023-12-01
United Kingdom of Great Britain and Northern Ireland,UN,1982-01-01,2023-12-01,504,420,84,1982-01-01,2023-12-01,420,504,84,,,,
United States Virgin Islands,UN,1969-01-01,2018-12-01,600,312,288,1969-01-01,2018-12-01,312,600,288,1950-01-01,2023-12-01,1950-01-01,2023-12-01
United States of America,HMD,1933-01-01,2023-12-01,1092,1092,0,1933-01-01,2023-12-01,1092,1092,0,1933-01-01,2024-12-01,1933-01-01,2024-12-01
Uruguay,UN,1977-01-01,2022-12-01,552,324,228,1977-01-01,2022-12-01,324,552,228,1950-01-01,2023-12-01,1950-01-01,2023-12-01
Uzbekistan,UN,1993-01-01,2024-12-01,384,240,144,1993-01-01,2024-12-01,240,384,144,1950-01-01,2023-12-01,1950-01-01,2023-12-01
Venezuela (Bolivarian Republic of),UN,1972-01-01,2012-12-01,492,420,72,1972-01-01,2012-12-01,420,492,72,1950-01-01,2023-12-01,1950-01-01,2023-12-01
Wallis and Futuna Islands,UN,1973-01-01,1978-12-01,72,72,0,1973-01-01,1978-12-01,72,72,0,1950-01-01,2023-12-01,1950-01-01,2023-12-01
West Germany,HMD,1946-01-01,2020-12-01,900,900,0,1946-01-01,2020-12-01,900,900,0,1955-01-01,2020-12-01,1955-01-01,2020-12-01
Åland Islands,UN,2006-01-01,2023-12-01,216,180,36,2006-01-01,2023-12-01,180,216,36,,,,
